accuracy,macro_precision,macro_recall,macro_f1,weighted_precision,weighted_recall,weighted_f1
0.9682875264270613,0.9663634079816251,0.965659921473875,0.9658901218884841,0.9683671945705477,0.9682875264270613,0.9682263727683503
