class,precision,recall,f1,support
ALL,0.9534883720930233,0.9761904761904762,0.9647058823529412,126.0
AML,0.96875,0.9393939393939394,0.9538461538461539,132.0
HBS,0.9768518518518519,0.9813953488372092,0.9791183294663574,215.0
