class,precision,recall,f1,support
ALL,0.9338842975206612,0.8968253968253969,0.9149797570850202,126.0
AML,0.937007874015748,0.9015151515151515,0.918918918918919,132.0
HBS,0.9422222222222222,0.986046511627907,0.9636363636363636,215.0
