Experimento,result_id,resolution,data_pct,mamba_blocks,unfrozen_backbone_tensors,loss,acc,f1,precision,recall,weighted_precision,weighted_recall,weighted_f1
CNNMamba_Res128_Data100_BEST_Mamba4_Unfrozen56,CNNMamba_Res128_Data100_BEST_Mamba4_Unfrozen56,128,100,4,56,0.132329,0.976744,0.974144,0.974610,0.973691,0.976709,0.976744,0.976720
CNNMamba_Res128_Data25_BEST_Mamba4_Unfrozen56,CNNMamba_Res128_Data25_BEST_Mamba4_Unfrozen56,128,25,4,56,0.247420,0.928118,0.919728,0.922992,0.917933,0.928150,0.928118,0.927491
CNNMamba_Res128_Data50_BEST_Mamba4_Unfrozen56,CNNMamba_Res128_Data50_BEST_Mamba4_Unfrozen56,128,50,4,56,0.193730,0.953488,0.948605,0.947020,0.950787,0.954199,0.953488,0.953587
CNNMamba_Res224_Data100_BEST_Mamba4_Unfrozen56,CNNMamba_Res224_Data100_BEST_Mamba4_Unfrozen56,224,100,4,56,0.153428,0.966173,0.960418,0.960305,0.962280,0.967971,0.966173,0.966352
CNNMamba_Res224_Data25_BEST_Mamba4_Unfrozen56,CNNMamba_Res224_Data25_BEST_Mamba4_Unfrozen56,224,25,4,56,0.248156,0.919662,0.910549,0.918159,0.906858,0.920555,0.919662,0.918351
CNNMamba_Res224_Data50_BEST_Mamba4_Unfrozen56,CNNMamba_Res224_Data50_BEST_Mamba4_Unfrozen56,224,50,4,56,0.166837,0.968288,0.965890,0.966363,0.965660,0.968367,0.968288,0.968226
CNNMamba_Res64_Data100_BEST_Mamba4_Unfrozen56,CNNMamba_Res64_Data100_BEST_Mamba4_Unfrozen56,64,100,4,56,0.229013,0.938689,0.932512,0.937705,0.928129,0.938546,0.938689,0.938196
CNNMamba_Res64_Data25_BEST_Mamba4_Unfrozen56,CNNMamba_Res64_Data25_BEST_Mamba4_Unfrozen56,64,25,4,56,0.383460,0.885835,0.876080,0.880342,0.872569,0.885076,0.885835,0.885082
CNNMamba_Res64_Data50_BEST_Mamba4_Unfrozen56,CNNMamba_Res64_Data50_BEST_Mamba4_Unfrozen56,64,50,4,56,0.419766,0.871036,0.862342,0.886483,0.848322,0.877038,0.871036,0.869000
