accuracy,macro_precision,macro_recall,macro_f1,weighted_precision,weighted_recall,weighted_f1
0.8710359408033826,0.8864828700711054,0.8483215320424623,0.8623415019988614,0.8770381875306635,0.8710359408033826,0.8690002492907055
