accuracy,macro_precision,macro_recall,macro_f1,weighted_precision,weighted_recall,weighted_f1
0.9534883720930233,0.9470199065760215,0.9507874984619171,0.9486046096050953,0.9541987924289184,0.9534883720930233,0.9535868053775821
