accuracy,macro_precision,macro_recall,macro_f1,weighted_precision,weighted_recall,weighted_f1
0.9281183932346723,0.9229919500156673,0.9179334877009295,0.9197280276468666,0.9281497079509365,0.9281183932346723,0.9274913157908474
