class,precision,recall,f1,support
ALL,0.9051094890510949,0.9841269841269841,0.9429657794676806,126.0
AML,0.9758064516129032,0.9166666666666666,0.9453125,132.0
HBS,1.0,0.986046511627907,0.9929742388758782,215.0
