class,precision,recall,f1,support
ALL,0.9326923076923077,0.7698412698412699,0.8434782608695652,126.0
AML,0.8907563025210085,0.803030303030303,0.8446215139442231,132.0
HBS,0.836,0.9720930232558139,0.8989247311827957,215.0
