accuracy,macro_precision,macro_recall,macro_f1,weighted_precision,weighted_recall,weighted_f1
0.9661733615221987,0.9603053135546661,0.9622800541405193,0.9604175061145197,0.9679709243833852,0.9661733615221987,0.966351796133703
