accuracy,macro_precision,macro_recall,macro_f1,weighted_precision,weighted_recall,weighted_f1
0.8858350951374208,0.880342329239388,0.8725689900108504,0.8760803011844462,0.8850761840758421,0.8858350951374208,0.8850818633306874
