class,precision,recall,f1,support
ALL,0.8931297709923665,0.9285714285714286,0.9105058365758755,126.0
AML,0.9256198347107438,0.8484848484848485,0.8853754940711462,132.0
HBS,0.9502262443438914,0.9767441860465116,0.963302752293578,215.0
