class,precision,recall,f1,support
ALL,0.865546218487395,0.8174603174603174,0.8408163265306122,126.0
AML,0.8692307692307693,0.8560606060606061,0.8625954198473282,132.0
HBS,0.90625,0.9441860465116279,0.9248291571753986,215.0
