accuracy,macro_precision,macro_recall,macro_f1,weighted_precision,weighted_recall,weighted_f1
0.9386892177589852,0.9377047979195438,0.928129019989485,0.9325116798801009,0.9385459590601688,0.9386892177589852,0.938195697403442
