class,precision,recall,f1,support
ALL,0.9172932330827067,0.9682539682539683,0.9420849420849421,126.0
AML,0.937984496124031,0.9166666666666666,0.9272030651340997,132.0
HBS,0.985781990521327,0.9674418604651163,0.9765258215962441,215.0
