accuracy,macro_precision,macro_recall,macro_f1,weighted_precision,weighted_recall,weighted_f1
0.919661733615222,0.9181585153646363,0.9068576126715661,0.9105488581982527,0.9205546934500993,0.919661733615222,0.9183505946570708
