class,precision,recall,f1,support
ALL,0.8863636363636364,0.9285714285714286,0.9069767441860465,126.0
AML,0.9385964912280702,0.8106060606060606,0.8699186991869918,132.0
HBS,0.9295154185022027,0.9813953488372092,0.9547511312217195,215.0
