accuracy,macro_precision,macro_recall,macro_f1,weighted_precision,weighted_recall,weighted_f1
0.9767441860465116,0.9746102427400137,0.9736909515979283,0.9741441692867769,0.9767089947943844,0.9767441860465116,0.9767202752597831
