class,precision,recall,f1,support
ALL,0.9682539682539683,0.9682539682539683,0.9682539682539683,126.0
AML,0.9694656488549618,0.9621212121212122,0.9657794676806084,132.0
HBS,0.9861111111111112,0.9906976744186047,0.988399071925754,215.0
